-- =====================================================================
-- SEQUENCES
-- =====================================================================

CREATE SEQUENCE test_learnhub_lesson_pk_id_seq START WITH 1 INCREMENT BY 1 NOCACHE NOCYCLE;
CREATE SEQUENCE test_learnhub_module_seq START WITH 1 INCREMENT BY 1 NOCACHE NOCYCLE;
CREATE SEQUENCE test_learnhub_course_seq START WITH 1 INCREMENT BY 1 NOCACHE NOCYCLE;
CREATE SEQUENCE test_learnhub_instructor_seq START WITH 1 INCREMENT BY 1 NOCACHE NOCYCLE;
CREATE SEQUENCE test_learnhub_quiz_question_seq START WITH 1 INCREMENT BY 1 NOCACHE NOCYCLE;
CREATE SEQUENCE test_learnhub_quiz_option_seq START WITH 1 INCREMENT BY 1 NOCACHE NOCYCLE;


-- =====================================================================
-- TABLES
-- =====================================================================

-- Table for Persistent (inferred common columns)
-- Note: This is NOT a table itself, but common columns for other tables.
-- DDL for actual tables will include these.

-- Table for test_learnhub_instructor
CREATE TABLE test_learnhub_instructor (
                                          id                NUMBER(19) GENERATED BY DEFAULT AS IDENTITY (START WITH 1 CACHE 20 ORDER) PRIMARY KEY,
                                          name              VARCHAR2(255) NOT NULL,
                                          created_at        TIMESTAMP(6) DEFAULT CURRENT_TIMESTAMP NOT NULL,
                                          updated_at        TIMESTAMP(6) DEFAULT CURRENT_TIMESTAMP NOT NULL,
                                          version           NUMBER(10),
                                          is_deleted        NUMBER(1) DEFAULT 0 NOT NULL
);

-- Table for test_learnhub_course
CREATE TABLE test_learnhub_course (
                                      id                NUMBER(19) GENERATED BY DEFAULT AS IDENTITY (START WITH 1 CACHE 20 ORDER) PRIMARY KEY,
                                      name              VARCHAR2(255) NOT NULL,
                                      description       VARCHAR2(512) NOT NULL,
                                      current_release   NUMBER(19) NOT NULL,
                                      instructor_id     NUMBER(19) NOT NULL, -- FK to test_learnhub_instructor
                                      created_at        TIMESTAMP(6) DEFAULT CURRENT_TIMESTAMP NOT NULL,
                                      updated_at        TIMESTAMP(6) DEFAULT CURRENT_TIMESTAMP NOT NULL,
                                      version           NUMBER(10),
                                      is_deleted        NUMBER(1) DEFAULT 0 NOT NULL,
                                      CONSTRAINT fk_course_instructor
                                          FOREIGN KEY (instructor_id)
                                              REFERENCES test_learnhub_instructor (id)
                                              ON DELETE SET NULL -- Typically RESTRICT or SET NULL for FKs to users/instructors
);

-- Table for test_learnhub_module
CREATE TABLE test_learnhub_module (
                                      id                NUMBER(19) GENERATED BY DEFAULT AS IDENTITY (START WITH 1 CACHE 20 ORDER) PRIMARY KEY,
                                      title             VARCHAR2(255) NOT NULL, -- Added based on PDF/logic
                                      course_id         NUMBER(19) NOT NULL,    -- Added based on PDF/logic
                                      created_at        TIMESTAMP(6) DEFAULT CURRENT_TIMESTAMP NOT NULL,
                                      updated_at        TIMESTAMP(6) DEFAULT CURRENT_TIMESTAMP NOT NULL,
                                      version           NUMBER(10),
                                      is_deleted        NUMBER(1) DEFAULT 0 NOT NULL,
                                      CONSTRAINT fk_module_course
                                          FOREIGN KEY (course_id)
                                              REFERENCES test_learnhub_course (id)
                                                  ON DELETE CASCADE -- If a course is deleted, its modules are also deleted
);

-- Table for test_learnhub_lesson (Base table for ContentRelease inheritance)
CREATE TABLE test_learnhub_lesson (
                                      id                NUMBER(19) NOT NULL, -- Part of composite PK (from LessonPK)
                                      release       NUMBER(19) NOT NULL, -- Renamed from 'release' to 'release' to avoid conflict with Oracle keyword
                                      module_id         NUMBER(19) NOT NULL,
                                      title             VARCHAR2(255) NOT NULL,
                                      release_end       NUMBER(19),
                                      is_deleted        NUMBER(1) DEFAULT 0 NOT NULL,
                                      lesson_type       VARCHAR2(255) NOT NULL, -- Discriminator column
                                      created_at        TIMESTAMP(6) DEFAULT CURRENT_TIMESTAMP NOT NULL,
                                      updated_at        TIMESTAMP(6) DEFAULT CURRENT_TIMESTAMP NOT NULL,
                                      version           NUMBER(10),
                                      CONSTRAINT pk_test_learnhub_lesson PRIMARY KEY (id, release),
                                      CONSTRAINT fk_test_learnhub_lesson_module
                                          FOREIGN KEY (module_id)
                                              REFERENCES test_learnhub_module (id)
                                                  ON DELETE CASCADE
);

-- Table for test_learnhub_lecture (Subclass of ContentRelease)
CREATE TABLE test_learnhub_lecture (
                                       id                NUMBER(19) NOT NULL,
                                       release       NUMBER(19) NOT NULL,
                                       description       VARCHAR2(255) NOT NULL,
                                       video_url         VARCHAR2(255) NOT NULL,
                                       resource_link     VARCHAR2(255) NOT NULL,
                                       CONSTRAINT pk_test_learnhub_lecture PRIMARY KEY (id, release),
                                       CONSTRAINT fk_test_learnhub_lecture_lesson
                                           FOREIGN KEY (id, release)
                                               REFERENCES test_learnhub_lesson (id, release)
                                                   ON DELETE CASCADE
);

-- Table for test_learnhub_submission (Subclass of ContentRelease - as per your Java code)
-- NOTE: This entity's columns (description, resourceLink) suggest it might be a student's submission,
-- not a type of contentRelease content. If it's a student's submission, it should NOT extend ContentRelease.
CREATE TABLE test_learnhub_submission (
                                          id                NUMBER(19) NOT NULL,
                                          release       NUMBER(19) NOT NULL,
    -- title VARCHAR2(255) NOT NULL, -- Omitted: Redundant with ContentRelease.title
                                          description       VARCHAR2(255) NOT NULL,
                                          resource_link     VARCHAR2(255) NOT NULL,
                                          CONSTRAINT pk_test_learnhub_submission PRIMARY KEY (id, release),
                                          CONSTRAINT fk_test_learnhub_submission_lesson
                                              FOREIGN KEY (id, release)
                                                  REFERENCES test_learnhub_lesson (id, release)
                                                      ON DELETE CASCADE
);

-- Table for test_learnhub_quiz (Subclass of ContentRelease)
CREATE TABLE test_learnhub_quiz (
                                    id                NUMBER(19) NOT NULL,
                                    release       NUMBER(19) NOT NULL,
    -- title VARCHAR2(255) NOT NULL, -- Omitted: Redundant with ContentRelease.title
                                    CONSTRAINT pk_test_learnhub_quiz PRIMARY KEY (id, release),
                                    CONSTRAINT fk_test_learnhub_quiz_lesson
                                        FOREIGN KEY (id, release)
                                            REFERENCES test_learnhub_lesson (id, release)
                                                ON DELETE CASCADE
);

-- Table for test_learnhub_quiz_question
CREATE TABLE test_learnhub_quiz_question (
                                             id                NUMBER(19) GENERATED BY DEFAULT AS IDENTITY (START WITH 1 CACHE 20 ORDER) PRIMARY KEY,
                                             quiz_id           NUMBER(19) NOT NULL,       -- FK to test_learnhub_quiz.pk
                                             quiz_release  NUMBER(19) NOT NULL,       -- FK to test_learnhub_quiz.release
                                             question_text     VARCHAR2(1000) NOT NULL,
                                             CONSTRAINT fk_quiz_question_quiz
                                                 FOREIGN KEY (quiz_id, quiz_release)
                                                     REFERENCES test_learnhub_quiz (id, release)
                                                         ON DELETE CASCADE
);

-- Table for test_learnhub_quiz_option
CREATE TABLE test_learnhub_quiz_option (
                                           id                NUMBER(19) GENERATED BY DEFAULT AS IDENTITY (START WITH 1 CACHE 20 ORDER) PRIMARY KEY,
                                           question_id       NUMBER(19) NOT NULL,       -- FK to test_learnhub_quiz_question.pk
                                           option_text       VARCHAR2(500) NOT NULL,
                                           is_correct        NUMBER(1) DEFAULT 0 NOT NULL,
                                           CONSTRAINT fk_quiz_option_quiz_question
                                               FOREIGN KEY (question_id)
                                                   REFERENCES test_learnhub_quiz_question (id)
                                                       ON DELETE CASCADE
);


--=====================================================================
-- DML
--=====================================================================

-- =====================================================================
-- DML for test_learnhub_instructor
-- =====================================================================

INSERT INTO test_learnhub_instructor (name, created_at, updated_at, version, is_deleted)
VALUES ('Alice Wonderland', SYSTIMESTAMP, SYSTIMESTAMP, 1, 0);

INSERT INTO test_learnhub_instructor (name, created_at, updated_at, version, is_deleted)
VALUES ('Bob The Builder', SYSTIMESTAMP, SYSTIMESTAMP, 1, 0);


-- =====================================================================
-- DML for test_learnhub_course
-- Assuming instructor IDs are 1 and 2 after previous inserts
-- =====================================================================

INSERT INTO test_learnhub_course (name, description, current_release, instructor_id, created_at, updated_at, version, is_deleted)
VALUES ('Introduction to Java', 'A beginner-friendly course on Java programming fundamentals.', 1, 1, SYSTIMESTAMP, SYSTIMESTAMP, 1, 0);

INSERT INTO test_learnhub_course (name, description, current_release, instructor_id, created_at, updated_at, version, is_deleted)
VALUES ('Web Development with Spring Boot', 'Build robust web applications using Spring Boot and modern frameworks.', 1, 2, SYSTIMESTAMP, SYSTIMESTAMP, 1, 0);


-- =====================================================================
-- DML for test_learnhub_module
-- Assuming course IDs are 1 and 2 after previous inserts
-- =====================================================================

-- Module for 'Introduction to Java' (Course ID 1)
INSERT INTO test_learnhub_module (title, course_id, created_at, updated_at, version, is_deleted)
VALUES ('Java Basics', 1, SYSTIMESTAMP, SYSTIMESTAMP, 1, 0);

-- Module for 'Web Development with Spring Boot' (Course ID 2)
INSERT INTO test_learnhub_module (title, course_id, created_at, updated_at, version, is_deleted)
VALUES ('RESTful API Design', 2, SYSTIMESTAMP, SYSTIMESTAMP, 1, 0);


-- =====================================================================
-- DML for test_learnhub_lesson (Base ContentRelease) and its subclasses
-- Assuming module IDs are 1 and 2 after previous inserts
-- =====================================================================

-- ContentRelease 1: Lecture (Initial Version) for Module 1 (Java Basics)
INSERT INTO test_learnhub_lesson (id, release, module_id, title, release_end, is_deleted, lesson_type, created_at, updated_at, version)
VALUES (1001, 1, 1, 'What is Java?', NULL, 0, 'LECTURE', SYSTIMESTAMP, SYSTIMESTAMP, 1);

INSERT INTO test_learnhub_lecture (id, release, description, video_url, resource_link)
VALUES (1001, 1, 'An introductory lecture covering Java''s history and core principles.', 'https://youtube.com/java_intro_v1', 'https://slides.com/java_intro_v1');

-- ContentRelease 2: Quiz (Initial Version) for Module 1 (Java Basics)
INSERT INTO test_learnhub_lesson (id, release, module_id, title, release_end, is_deleted, lesson_type, created_at, updated_at, version)
VALUES (1002, 1, 1, 'Java Basics Quiz', NULL, 0, 'QUIZ', SYSTIMESTAMP, SYSTIMESTAMP, 1);

INSERT INTO test_learnhub_quiz (id, release)
VALUES (1002, 1);

-- Questions for Java Basics Quiz (ContentRelease 1002, Release 1)
INSERT INTO test_learnhub_quiz_question (quiz_id, quiz_release, question_text)
VALUES (1002, 1, 'Which keyword is used to define a class in Java?');
-- Assuming question ID is 1 after insert
INSERT INTO test_learnhub_quiz_option (question_id, option_text, is_correct)
VALUES (1, 'class', 1);
INSERT INTO test_learnhub_quiz_option (question_id, option_text, is_correct)
VALUES (1, 'Class', 0);
INSERT INTO test_learnhub_quiz_option (question_id, option_text, is_correct)
VALUES (1, 'object', 0);

INSERT INTO test_learnhub_quiz_question (quiz_id, quiz_release, question_text)
VALUES (1002, 1, 'What is the entry point of a Java application?');
-- Assuming question ID is 2 after insert
INSERT INTO test_learnhub_quiz_option (question_id, option_text, is_correct)
VALUES (2, 'main() method', 1);
INSERT INTO test_learnhub_quiz_option (question_id, option_text, is_correct)
VALUES (2, 'start() method', 0);


-- ContentRelease 3: Submission (Initial Version) for Module 1 (Java Basics)
INSERT INTO test_learnhub_lesson (id, release, module_id, title, release_end, is_deleted, lesson_type, created_at, updated_at, version)
VALUES (1003, 1, 1, 'First Java Program Assignment', NULL, 0, 'SUBMISSION', SYSTIMESTAMP, SYSTIMESTAMP, 1);

INSERT INTO test_learnhub_submission (id, release, description, resource_link)
VALUES (1003, 1, 'Write a simple "Hello World" program in Java and submit the source code.', 'https://github.com/assignments/java-hello');


-- ContentRelease 1: Lecture (Updated Version) for Module 1 (Java Basics)
-- This represents an update to ContentRelease 1001.
INSERT INTO test_learnhub_lesson (id, release, module_id, title, release_end, is_deleted, lesson_type, created_at, updated_at, version)
VALUES (1001, 2, 1, 'What is Java? (Updated Content)', NULL, 0, 'LECTURE', SYSTIMESTAMP, SYSTIMESTAMP, 1);

INSERT INTO test_learnhub_lecture (id, release, description, video_url, resource_link)
VALUES (1001, 2, 'Updated lecture covering Java''s history, core principles, and new features in Java 21.', 'https://youtube.com/java_intro_v2', 'https://slides.com/java_intro_v2');

-- ContentRelease 4: Lecture (Soft Deleted) for Module 2 (RESTful API Design)
-- This contentRelease was active up to course release 1, but then deleted for course release 2 and onwards.
INSERT INTO test_learnhub_lesson (id, release, module_id, title, release_end, is_deleted, lesson_type, created_at, updated_at, version)
VALUES (1004, 1, 2, 'Intro to REST (Deleted)', 2, 1, 'LECTURE', SYSTIMESTAMP, SYSTIMESTAMP, 1);

INSERT INTO test_learnhub_lecture (id, release, description, video_url, resource_link)
VALUES (1004, 1, 'This lecture was removed in later versions of the course.', 'https://youtube.com/old_rest_intro', 'https://slides.com/old_rest_intro');

-----------------------NEWN EWN NEWNWE


-- =====================================================================
-- DROP EXISTING TABLES AND SEQUENCES (FOR CLEAN RE-CREATION)
-- Use with CAUTION in non-development environments!
-- =====================================================================

DROP TABLE final_learnhub_quiz_option CASCADE CONSTRAINTS;
DROP TABLE final_learnhub_quiz_question CASCADE CONSTRAINTS;
DROP TABLE final_learnhub_lecture CASCADE CONSTRAINTS;
DROP TABLE final_learnhub_quiz CASCADE CONSTRAINTS;
DROP TABLE final_learnhub_submission CASCADE CONSTRAINTS;
DROP TABLE final_learnhub_content_release CASCADE CONSTRAINTS;
DROP TABLE final_learnhub_content CASCADE CONSTRAINTS;
DROP TABLE final_learnhub_module CASCADE CONSTRAINTS;
DROP TABLE final_learnhub_course CASCADE CONSTRAINTS;
DROP TABLE final_learnhub_instructor CASCADE CONSTRAINTS;

DROP SEQUENCE final_learnhub_instructor_seq;
DROP SEQUENCE final_learnhub_course_seq;
DROP SEQUENCE final_learnhub_module_seq;
DROP SEQUENCE final_learnhub_content_seq;
DROP SEQUENCE final_learnhub_content_release_seq;
DROP SEQUENCE final_learnhub_quiz_question_seq;
DROP SEQUENCE final_learnhub_quiz_option_seq;


-- =====================================================================
-- SEQUENCES
-- =====================================================================

CREATE SEQUENCE final_learnhub_instructor_seq START WITH 1 INCREMENT BY 1 NOCACHE NOCYCLE;
CREATE SEQUENCE final_learnhub_course_seq START WITH 1 INCREMENT BY 1 NOCACHE NOCYCLE;
CREATE SEQUENCE final_learnhub_module_seq START WITH 1 INCREMENT BY 1 NOCACHE NOCYCLE;
CREATE SEQUENCE final_learnhub_content_seq START WITH 1 INCREMENT BY 1 NOCACHE NOCYCLE;
CREATE SEQUENCE final_learnhub_content_release_seq START WITH 1 INCREMENT BY 1 NOCACHE NOCYCLE;
CREATE SEQUENCE final_learnhub_quiz_question_seq START WITH 1 INCREMENT BY 1 NOCACHE NOCYCLE;
CREATE SEQUENCE final_learnhub_quiz_option_seq START WITH 1 INCREMENT BY 1 NOCACHE NOCYCLE;


-- =====================================================================
-- TABLES
-- =====================================================================

-- Table for final_learnhub_instructor (extends Persistent)
CREATE TABLE final_learnhub_instructor (
                                           id                NUMBER(19) GENERATED BY DEFAULT AS IDENTITY (START WITH 1 CACHE 20 ORDER) PRIMARY KEY,
                                           name              VARCHAR2(255) NOT NULL,
                                           created_at        TIMESTAMP(6) DEFAULT CURRENT_TIMESTAMP NOT NULL,
                                           updated_at        TIMESTAMP(6) DEFAULT CURRENT_TIMESTAMP NOT NULL,
                                           version           NUMBER(10) DEFAULT 1 NOT NULL,
                                           is_deleted        NUMBER(1) DEFAULT 0 NOT NULL
);

-- Table for final_learnhub_course (extends Persistent)

CREATE TABLE final_learnhub_course (
                                       id                NUMBER(19) GENERATED BY DEFAULT AS IDENTITY (START WITH 1 CACHE 20 ORDER) PRIMARY KEY,
                                       name              VARCHAR2(255) NOT NULL,
                                       description       VARCHAR2(512) NOT NULL,
                                       current_release   NUMBER(19) NOT NULL,
                                       instructor_id     NUMBER(19) NOT NULL,
                                       created_at        TIMESTAMP(6) DEFAULT CURRENT_TIMESTAMP NOT NULL,
                                       updated_at        TIMESTAMP(6) DEFAULT CURRENT_TIMESTAMP NOT NULL,
                                       version           NUMBER(10) DEFAULT 1 NOT NULL,
                                       is_deleted        NUMBER(1) DEFAULT 0 NOT NULL,
                                       CONSTRAINT fk_course_instructor_
                                           FOREIGN KEY (instructor_id)
                                               REFERENCES final_learnhub_instructor (id)
                                               ON DELETE SET NULL
);

-- Table for final_learnhub_module (extends Persistent)
CREATE TABLE final_learnhub_module (
                                       id                NUMBER(19) GENERATED BY DEFAULT AS IDENTITY (START WITH 1 CACHE 20 ORDER) PRIMARY KEY,
                                       title             VARCHAR2(255) NOT NULL,
                                       course_id         NUMBER(19) NOT NULL,
                                       created_at        TIMESTAMP(6) DEFAULT CURRENT_TIMESTAMP NOT NULL,
                                       updated_at        TIMESTAMP(6) DEFAULT CURRENT_TIMESTAMP NOT NULL,
                                       version           NUMBER(10) DEFAULT 1 NOT NULL,
                                       is_deleted        NUMBER(1) DEFAULT 0 NOT NULL,
                                       CONSTRAINT fk_module_course_
                                           FOREIGN KEY (course_id)
                                               REFERENCES final_learnhub_course (id)
                                                   ON DELETE CASCADE
);

-- Table for final_learnhub_content (Logical Content Unit, extends Persistent)
CREATE TABLE final_learnhub_content (
                                        id                            NUMBER(19) GENERATED BY DEFAULT AS IDENTITY (START WITH 1 CACHE 20 ORDER) PRIMARY KEY,
                                        module_id                     NUMBER(19) NOT NULL,
                                        title                         VARCHAR2(255) NOT NULL,
                                        current_content_release_id    NUMBER(19), -- FK to final_learnhub_content_release.id (can be NULL if no release yet)
                                        created_at                    TIMESTAMP(6) DEFAULT CURRENT_TIMESTAMP NOT NULL,
                                        updated_at                    TIMESTAMP(6) DEFAULT CURRENT_TIMESTAMP NOT NULL,
                                        version                       NUMBER(10) DEFAULT 1 NOT NULL,
                                        is_deleted                    NUMBER(1) DEFAULT 0 NOT NULL,
                                        CONSTRAINT fk_content_module_
                                            FOREIGN KEY (module_id)
                                                REFERENCES final_learnhub_module (id)
                                                    ON DELETE CASCADE
);

-- Table for final_learnhub_content_release (Base for Versioned Content, extends Persistent)
CREATE TABLE final_learnhub_content_release (
                                                id                            NUMBER(19) GENERATED BY DEFAULT AS IDENTITY (START WITH 1 CACHE 20 ORDER) PRIMARY KEY,
                                                content_id                    NUMBER(19) NOT NULL,
                                                "release"                     NUMBER(10) NOT NULL, -- Quoted as 'release' is an Oracle keyword
                                                content_type                  VARCHAR2(50) NOT NULL, -- Discriminator column for inheritance
                                                created_at                    TIMESTAMP(6) DEFAULT CURRENT_TIMESTAMP NOT NULL,
                                                updated_at                    TIMESTAMP(6) DEFAULT CURRENT_TIMESTAMP NOT NULL,
                                                version                       NUMBER(10) DEFAULT 1 NOT NULL,
                                                is_deleted                    NUMBER(1) DEFAULT 0 NOT NULL,
                                                CONSTRAINT fk_content_release__content
                                                    FOREIGN KEY (content_id)
                                                        REFERENCES final_learnhub_content (id)
                                                            ON DELETE CASCADE,
                                                CONSTRAINT uq_content_release_version_ UNIQUE (content_id, "release")
);

-- Table for final_learnhub_lecture (Subclass of ContentRelease)
CREATE TABLE final_learnhub_lecture (
                                        id                            NUMBER(19) PRIMARY KEY, -- FK to final_learnhub_content_release.id
                                        description                   VARCHAR2(255) NOT NULL,
                                        video_url                     VARCHAR2(255) NOT NULL,
                                        resource_link                 VARCHAR2(255) NOT NULL,
                                        CONSTRAINT fk_lecture_release
                                            FOREIGN KEY (id)
                                                REFERENCES final_learnhub_content_release (id)
                                                    ON DELETE CASCADE
);

-- Table for final_learnhub_quiz (Subclass of ContentRelease)
CREATE TABLE final_learnhub_quiz (
                                     id                            NUMBER(19) PRIMARY KEY, -- FK to final_learnhub_content_release.id
                                     CONSTRAINT fk_quiz_release
                                         FOREIGN KEY (id)
                                             REFERENCES final_learnhub_content_release (id)
                                                 ON DELETE CASCADE
);

-- Table for final_learnhub_submission (Subclass of ContentRelease)
CREATE TABLE final_learnhub_submission (
                                           id                            NUMBER(19) PRIMARY KEY, -- FK to final_learnhub_content_release.id
                                           description                   VARCHAR2(255) NOT NULL,
                                           resource_link                 VARCHAR2(255) NOT NULL,
                                           CONSTRAINT fk_submission_release_
                                               FOREIGN KEY (id)
                                                   REFERENCES final_learnhub_content_release (id)
                                                       ON DELETE CASCADE
);

-- Table for final_learnhub_quiz_question (extends Persistent)
CREATE TABLE final_learnhub_quiz_question (
                                              id                            NUMBER(19) GENERATED BY DEFAULT AS IDENTITY (START WITH 1 CACHE 20 ORDER) PRIMARY KEY,
                                              quiz_release_id               NUMBER(19) NOT NULL, -- FK to final_learnhub_quiz.id
                                              question_text                 VARCHAR2(1000) NOT NULL,
                                              created_at                    TIMESTAMP(6) DEFAULT CURRENT_TIMESTAMP NOT NULL,
                                              updated_at                    TIMESTAMP(6) DEFAULT CURRENT_TIMESTAMP NOT NULL,
                                              version                       NUMBER(10) DEFAULT 1 NOT NULL,
                                              is_deleted                    NUMBER(1) DEFAULT 0 NOT NULL,
                                              CONSTRAINT fk_quiz_question_quiz_release_
                                                  FOREIGN KEY (quiz_release_id)
                                                      REFERENCES final_learnhub_quiz (id)
                                                          ON DELETE CASCADE
);

-- Table for final_learnhub_quiz_option (extends Persistent)
CREATE TABLE final_learnhub_quiz_option (
                                            id                            NUMBER(19) GENERATED BY DEFAULT AS IDENTITY (START WITH 1 CACHE 20 ORDER) PRIMARY KEY,
                                            question_id                   NUMBER(19) NOT NULL, -- FK to final_learnhub_quiz_question.id
                                            option_text                   VARCHAR2(500) NOT NULL,
                                            is_correct                    NUMBER(1) DEFAULT 0 NOT NULL,
                                            created_at                    TIMESTAMP(6) DEFAULT CURRENT_TIMESTAMP NOT NULL,
                                            updated_at                    TIMESTAMP(6) DEFAULT CURRENT_TIMESTAMP NOT NULL,
                                            version                       NUMBER(10) DEFAULT 1 NOT NULL,
                                            is_deleted                    NUMBER(1) DEFAULT 0 NOT NULL,
                                            CONSTRAINT fk_quiz_option_quiz_question_
                                                FOREIGN KEY (question_id)
                                                    REFERENCES final_learnhub_quiz_question (id)
                                                        ON DELETE CASCADE
);


-- =====================================================================
-- DML (Sample Data)
-- Hardcoded IDs for simplicity and consistency
-- =====================================================================

-- DML for final_learnhub_instructor
INSERT INTO final_learnhub_instructor (id, name, created_at, updated_at, version, is_deleted)
VALUES (1, 'Alice Wonderland', SYSTIMESTAMP, SYSTIMESTAMP, 1, 0);

INSERT INTO final_learnhub_instructor (id, name, created_at, updated_at, version, is_deleted)
VALUES (2, 'Bob The Builder', SYSTIMESTAMP, SYSTIMESTAMP, 1, 0);


-- DML for final_learnhub_course
INSERT INTO final_learnhub_course (id, name, description, current_release, instructor_id, created_at, updated_at, version, is_deleted)
VALUES (1, 'Introduction to Java', 'A beginner-friendly course on Java programming fundamentals.', 1, 1, SYSTIMESTAMP, SYSTIMESTAMP, 1, 0);

INSERT INTO final_learnhub_course (id, name, description, current_release, instructor_id, created_at, updated_at, version, is_deleted)
VALUES (2, 'Web Development with Spring Boot', 'Build robust web applications using Spring Boot and modern frameworks.', 1, 2, SYSTIMESTAMP, SYSTIMESTAMP, 1, 0);


-- DML for final_learnhub_module
INSERT INTO final_learnhub_module (id, title, course_id, created_at, updated_at, version, is_deleted)
VALUES (1, 'Java Basics', 1, SYSTIMESTAMP, SYSTIMESTAMP, 1, 0);

INSERT INTO final_learnhub_module (id, title, course_id, created_at, updated_at, version, is_deleted)
VALUES (2, 'RESTful API Design', 2, SYSTIMESTAMP, SYSTIMESTAMP, 1, 0);


-- DML for final_learnhub_content (Logical Content Units)
-- current_content_release_id will be updated after content_release inserts
INSERT INTO final_learnhub_content (id, module_id, title, current_content_release_id, created_at, updated_at, version, is_deleted)
VALUES (1001, 1, 'What is Java?', NULL, TIMESTAMP '2025-07-21 05:54:53.427772', TIMESTAMP '2025-07-21 05:54:53.427772', 1, 0);

INSERT INTO final_learnhub_content (id, module_id, title, current_content_release_id, created_at, updated_at, version, is_deleted)
VALUES (1002, 1, 'Java Basics Quiz', NULL, TIMESTAMP '2025-07-21 05:54:53.521762', TIMESTAMP '2025-07-21 05:54:53.521762', 1, 0);

INSERT INTO final_learnhub_content (id, module_id, title, current_content_release_id, created_at, updated_at, version, is_deleted)
VALUES (1003, 1, 'First Java Program Assignment', NULL, TIMESTAMP '2025-07-21 05:55:17.151916', TIMESTAMP '2025-07-21 05:55:17.151916', 1, 0);

INSERT INTO final_learnhub_content (id, module_id, title, current_content_release_id, created_at, updated_at, version, is_deleted)
VALUES (1004, 2, 'Intro to REST (Deleted)', NULL, TIMESTAMP '2025-07-21 05:55:17.448084', TIMESTAMP '2025-07-21 05:55:17.448084', 1, 0);


-- DML for final_learnhub_content_release (Specific Content Versions)
-- Corrected to include 'release_end' in the column list.

INSERT INTO final_learnhub_content_release (id, content_id, "release", is_deleted, content_type, created_at, updated_at, version)
VALUES (1, 1001, 1, 0, 'LECTURE', TIMESTAMP '2025-07-21 05:54:53.427772', TIMESTAMP '2025-07-21 05:54:53.427772', 1);

INSERT INTO final_learnhub_content_release (id, content_id, "release", is_deleted, content_type, created_at, updated_at, version)
VALUES (2, 1002, 1, 0, 'QUIZ', TIMESTAMP '2025-07-21 05:54:53.521762', TIMESTAMP '2025-07-21 05:54:53.521762', 1);

INSERT INTO final_learnhub_content_release (id, content_id, "release", is_deleted, content_type, created_at, updated_at, version)
VALUES (3, 1003, 1, 0, 'SUBMISSION', TIMESTAMP '2025-07-21 05:55:17.151916', TIMESTAMP '2025-07-21 05:55:17.151916', 1);

INSERT INTO final_learnhub_content_release (id, content_id, "release", is_deleted, content_type, created_at, updated_at, version)
VALUES (4, 1001, 2, 0, 'LECTURE', TIMESTAMP '2025-07-21 05:55:17.347830', TIMESTAMP '2025-07-21 05:55:17.347830', 1);

-- For the deleted one (ID 5), the release_end value is 2, and is_deleted is 1
INSERT INTO final_learnhub_content_release (id, content_id, "release", is_deleted, content_type, created_at, updated_at, version)
VALUES (5, 1004, 1, 1, 'LECTURE', TIMESTAMP '2025-07-21 05:55:17.448084', TIMESTAMP '2025-07-21 05:55:17.448084', 1);


-- DML for Specific Content Details (Lecture, Quiz, Submission)
INSERT INTO final_learnhub_lecture (id, description, video_url, resource_link)
VALUES (1, 'An introductory lecture covering Java''s history and core principles.', 'https://youtube.com/java_intro_v1', 'https://slides.com/java_intro_v1');

INSERT INTO final_learnhub_lecture (id, description, video_url, resource_link)
VALUES (4, 'Updated lecture covering Java''s history, core principles, and new features in Java 21.', 'https://youtube.com/java_intro_v2', 'https://slides.com/java_intro_v2');

INSERT INTO final_learnhub_quiz (id)
VALUES (2);

INSERT INTO final_learnhub_submission (id, description, resource_link)
VALUES (3, 'Write a simple "Hello World" program in Java and submit the source code.', 'https://github.com/assignments/java-hello');

INSERT INTO final_learnhub_lecture (id, description, video_url, resource_link)
VALUES (5, 'This lecture was removed in later versions of the course.', 'https://youtube.com/old_rest_intro', 'https://slides.com/old_rest_intro');


-- DML for final_learnhub_quiz_question
INSERT INTO final_learnhub_quiz_question (id, quiz_release_id, question_text, created_at, updated_at, version, is_deleted)
VALUES (1, 2, 'Which keyword is used to define a class in Java?', SYSTIMESTAMP, SYSTIMESTAMP, 1, 0);

INSERT INTO final_learnhub_quiz_question (id, quiz_release_id, question_text, created_at, updated_at, version, is_deleted)
VALUES (2, 2, 'What is the entry point of a Java application?', SYSTIMESTAMP, SYSTIMESTAMP, 1, 0);


-- DML for final_learnhub_quiz_option
INSERT INTO final_learnhub_quiz_option (id, question_id, option_text, is_correct, created_at, updated_at, version, is_deleted)
VALUES (1, 1, 'class', 1, SYSTIMESTAMP, SYSTIMESTAMP, 1, 0);
INSERT INTO final_learnhub_quiz_option (id, question_id, option_text, is_correct, created_at, updated_at, version, is_deleted)
VALUES (2, 1, 'Class', 0, SYSTIMESTAMP, SYSTIMESTAMP, 1, 0);
INSERT INTO final_learnhub_quiz_option (id, question_id, option_text, is_correct, created_at, updated_at, version, is_deleted)
VALUES (3, 1, 'object', 0, SYSTIMESTAMP, SYSTIMESTAMP, 1, 0);

INSERT INTO final_learnhub_quiz_option (id, question_id, option_text, is_correct, created_at, updated_at, version, is_deleted)
VALUES (4, 2, 'main() method', 1, SYSTIMESTAMP, SYSTIMESTAMP, 1, 0);
INSERT INTO final_learnhub_quiz_option (id, question_id, option_text, is_correct, created_at, updated_at, version, is_deleted)
VALUES (5, 2, 'start() method', 0, SYSTIMESTAMP, SYSTIMESTAMP, 1, 0);


-- FINAL UPDATE: Link Logical Content to its Current Active Release
-- This step updates the 'current_content_release_id' in final_learnhub_content
-- to point to the latest active release for each logical content unit.
UPDATE final_learnhub_content
SET current_content_release_id = 4
WHERE id = 1001;

UPDATE final_learnhub_content
SET current_content_release_id = 2
WHERE id = 1002;

UPDATE final_learnhub_content
SET current_content_release_id = 3
WHERE id = 1003;

-- For Content 1004 ("Intro to REST (Deleted)"), it's marked deleted and release_end=2.
-- It does not have a 'current' active release for any version >= 2.
-- So, its current_content_release_id remains NULL as per initial insert.
-- Do NOT update it to point to a deleted/ended release unless specifically required.

-- Add 'email' column to final_learnhub_instructor (initially nullable)
ALTER TABLE final_learnhub_instructor
    ADD (
        email           VARCHAR2(255), -- <<< REMOVED NOT NULL
        CONSTRAINT uq_instructor_email UNIQUE (email)
        );

-- Add 'date_of_birth' column to final_learnhub_instructor (initially nullable)
ALTER TABLE final_learnhub_instructor
    ADD (
        date_of_birth   DATE -- <<< REMOVED NOT NULL
        );

-- Or update specific rows based on their IDs
UPDATE final_learnhub_instructor
SET
    email = 'alice@example.com',
    date_of_birth = TO_DATE('1985-05-15', 'YYYY-MM-DD')
WHERE id = 1;

UPDATE final_learnhub_instructor
SET
    email = 'bob@example.com',
    date_of_birth = TO_DATE('1978-11-22', 'YYYY-MM-DD')
WHERE id = 2;

UPDATE final_learnhub_instructor
SET
    email = 'test@example.com',
    date_of_birth = TO_DATE('2001-11-22', 'YYYY-MM-DD')
WHERE id = 3;

ALTER TABLE final_learnhub_instructor
    MODIFY (
        email           VARCHAR2(255) NOT NULL,
        date_of_birth   DATE NOT NULL
        );


--==================== K  A  F  K  A =============================

-- Sequence for Notification ID generation
CREATE SEQUENCE final_learnhub_notification_seq_gen START WITH 1 INCREMENT BY 1;

-- Table for the Notification inheritance hierarchy (SINGLE_TABLE strategy)
CREATE TABLE Notification (
    id BIGINT NOT NULL,
    message VARCHAR(255) NOT NULL,

    -- Discriminator column to distinguish between subclasses
    type VARCHAR(31) NOT NULL, -- The discriminator column, named 'type' as per @DiscriminatorColumn

    -- Columns from SubmissionNotification
    submissionId BIGINT, -- Nullable because it only applies to SubmissionNotification

    -- Columns from EnrollmentNotification
    studentId BIGINT, -- Nullable because it only applies to EnrollmentNotification
    courseId BIGINT, -- Nullable because it only applies to EnrollmentNotification

    PRIMARY KEY (id)
);