CREATE TABLE TEST_COURSE (
                             id                NUMBER(19) GENERATED BY DEFAULT AS IDENTITY PRIMARY KEY,
                             name              VARCHAR2(255) NOT NULL,
                             current_release   NUMBER(10) DEFAULT 1 NOT NULL
);

CREATE TABLE TEST_MODULE (
                             id                NUMBER(19) GENERATED BY DEFAULT AS IDENTITY PRIMARY KEY,
                             name              VARCHAR2(255) NOT NULL,
                             course_id         NUMBER(19) NOT NULL,
                             CONSTRAINT fk_test_module_course
                                 FOREIGN KEY (course_id)
                                     REFERENCES TEST_COURSE (id)
                                         ON DELETE CASCADE -- If a course is deleted, its modules are also deleted
);

CREATE TABLE TEST_LESSON (
                             id                NUMBER(19) NOT NULL, -- Logical ID of the contentRelease (e.g., L1)
                             release           NUMBER(10) NOT NULL, -- Version number of this specific contentRelease content
                             module_id         NUMBER(19) NOT NULL,
                             name              VARCHAR2(255) NOT NULL,
                             is_deleted        NUMBER(1) DEFAULT 0 NOT NULL, -- 0 for false, 1 for true
                             release_end       NUMBER(10),                   -- Nullable: indicates the end version this content was active, or null if current
                             CONSTRAINT pk_test_lesson PRIMARY KEY (id, release), -- Composite Primary Key
                             CONSTRAINT fk_test_lesson_module
                                 FOREIGN KEY (module_id)
                                     REFERENCES TEST_MODULE (id)
                                         ON DELETE CASCADE -- If a module is deleted, its contentReleases are also deleted
);

-- Insert data into TEST_COURSE
INSERT INTO TEST_COURSE (id, name, current_release) VALUES (101, 'Introduction to Programming', 1);
INSERT INTO TEST_COURSE (id, name, current_release) VALUES (102, 'Advanced Data Science', 1);

-- Insert data into TEST_MODULE
-- Modules for 'Introduction to Programming' (Course ID 101)
INSERT INTO TEST_MODULE (id, name, course_id) VALUES (201, 'Fundamentals of Python', 101);
INSERT INTO TEST_MODULE (id, name, course_id) VALUES (202, 'Object-Oriented Concepts', 101);

-- Modules for 'Advanced Data Science' (Course ID 102)
INSERT INTO TEST_MODULE (id, name, course_id) VALUES (203, 'Machine Learning Basics', 102);

-- Insert data into TEST_LESSON
-- Lessons for 'Fundamentals of Python' (Module ID 201)
-- ContentRelease L1, Release 1
INSERT INTO TEST_LESSON (id, release, module_id, name, is_deleted, release_end) VALUES (301, 1, 201, 'Python Syntax (Initial)', 0, NULL);
-- ContentRelease L2, Release 1
INSERT INTO TEST_LESSON (id, release, module_id, name, is_deleted, release_end) VALUES (302, 1, 201, 'Data Types in Python (Initial)', 0, NULL);

-- Simulate a change to L1 for a new course release (or internal component update)
-- L1, Release 2 (updated content for Python Syntax)
INSERT INTO TEST_LESSON (id, release, module_id, name, is_deleted, release_end) VALUES (301, 2, 201, 'Python Syntax (Updated for V2)', 0, NULL);

-- Simulate a change to L2 for another course release
-- L2, Release 2 (updated content for Data Types)
INSERT INTO TEST_LESSON (id, release, module_id, name, is_deleted, release_end) VALUES (302, 2, 201, 'Data Types in Python (Updated for V3)', 0, NULL);

-- New ContentRelease L3, Release 1 for Module 201
INSERT INTO TEST_LESSON (id, release, module_id, name, is_deleted, release_end) VALUES (303, 1, 201, 'Control Flow (Initial)', 0, NULL);

-- ContentRelease for 'Object-Oriented Concepts' (Module ID 202)
INSERT INTO TEST_LESSON (id, release, module_id, name, is_deleted, release_end) VALUES (304, 1, 202, 'Classes and Objects', 0, NULL);

-- ContentRelease for 'Machine Learning Basics' (Module ID 203)
INSERT INTO TEST_LESSON (id, release, module_id, name, is_deleted, release_end) VALUES (305, 1, 203, 'Introduction to Supervised Learning', 0, NULL);

SELECT * FROM TEST_COURSE t JOIN TEST_MODULE TM on t.id = TM.course_id JOIN TEST_LESSON TL on TM.id = TL.module_id

-- version 11 fetch korbo contentReleases only
SELECT *
FROM TEST_LESSON tl
WHERE
    tl.is_deleted = 0
  AND tl.id = (
    SELECT id
    FROM TEST_LESSON t1
    WHERE t1.release <= 11
    ORDER BY t1.release DESC
    FETCH FIRST 1 ROWS ONLY
);

-- Latest Version Fetch (Working)
SELECT id, name, is_deleted
FROM (
         SELECT tl.*,
                ROW_NUMBER() OVER (PARTITION BY id ORDER BY release DESC) AS rn
         FROM TEST_LESSON tl
         WHERE release <= 11
           AND id NOT IN (
             SELECT id
             FROM TEST_LESSON
             WHERE is_deleted = 1 AND release <= 11
         )
     )
WHERE rn = 1;

-------------------------------------------------------------------
SELECT id, name, is_deleted
FROM (
         SELECT tl.*,
                ROW_NUMBER() OVER (PARTITION BY id ORDER BY release DESC) AS rn
         FROM TEST_LESSON tl
         WHERE release <= 7
           AND id NOT IN (
             SELECT id
             FROM TEST_LESSON
             WHERE is_deleted = 1 AND release <= 7
         )
     )
WHERE rn = 1;


SELECT *
FROM TEST_LESSON tl
WHERE release = (
    SELECT MAX(release)
    FROM TEST_LESSON
    WHERE id = tl.id
      AND release <= 8
      AND release_end = 0
)
  AND release <= 8
  AND release_end = 0;

-------------------------------------------------------------
SELECT
    tl_final.id,
    tl_final.name,
    tl_final.release -- This is the specific content version for the contentRelease ID
FROM (
         SELECT
             tl_inner.*,
             -- Assign a row number to each contentRelease version for a given logical contentRelease ID.
             -- We order by 'release' DESC to ensure the most recent content version for that ID comes first.
             ROW_NUMBER() OVER (PARTITION BY tl_inner.id ORDER BY tl_inner.release DESC) AS rn
         FROM
             TEST_LESSON tl_inner
         WHERE
           -- Condition 1: The contentRelease content version must have been released at or before the target course release.
             tl_inner.release <= :specific_release_number

           -- Condition 2: The contentRelease content version must NOT have been marked as ended/deleted
           -- by the time of the target course release.
           -- A contentRelease is active for :specific_release_number if:
           --   a) Its 'release_end' is NULL (meaning it's currently active/never ended)
           --   OR
           --   b) Its 'release_end' is 0 (explicitly treating 0 as active indefinitely, based on your data)
           --   OR
           --   c) Its 'release_end' is GREATER THAN the :specific_release_number
           --      (meaning it was still active AT the :specific_release_number,
           --       and only ended/deleted in a later course release).
           AND (tl_inner.release_end IS NULL OR tl_inner.release_end = 0 OR tl_inner.release_end > :specific_release_number)

           -- Condition 3: The specific contentRelease content version itself is not marked as deleted.
           -- This handles cases where a contentRelease version might be marked as deleted,
           -- but its 'release_end' might be for a future course release.
           AND tl_inner.is_deleted = 0
     ) tl_final
WHERE
    -- Select only the latest content version (rn = 1) for each logical contentRelease ID
    -- that satisfied all the above conditions for the specified course release number.
    tl_final.rn = 1;

-----------------------------------------------------------------
-- Working query for finding course lectures of a SPECIFIC VERSION of COURSE
SELECT
    tl_final.id,
    tl_final.name,
    tl_final.release AS lesson_content_version,
    tl_final.is_deleted,
    tl_final.release_end
FROM (
         SELECT
             tl_inner.*,
             ROW_NUMBER() OVER (PARTITION BY tl_inner.id ORDER BY tl_inner.release DESC) AS rn
         FROM
             TEST_LESSON tl_inner
         WHERE
             tl_inner.release <= :specific_release_number
--            AND (tl_inner.release_end IS NULL OR tl_inner.release_end = 0 OR tl_inner.release_end >= :specific_release_number)
--        AND tl_inner.is_deleted = 0
     ) tl_final
WHERE
    tl_final.rn = 1
AND (
    :specific_release_number < release_end OR release_end = 0
    );
